AA,Codon.Sr,Codon.Ce,Codon.Bm,Codon.Pp,Codon.Nb
*,taa,taa,taa,taa,tga
A,gct,gct,gca,gct,gct
C,tgt,tgc,tgt,tgc,tgc
D,gat,gat,gat,gat,gat
E,gaa,gag,gaa,gag,gag
F,ttc,ttc,ttt,ttc,ttc
G,gga,gga,ggt,gga,gga
H,cat,cac,cat,cac,cac
I,att,atc,att,atc,atc
K,aaa,aag,aaa,aag,aag
L,ctt,ctc,ttg,ctc,ctg
M,atg,atg,atg,atg,atg
N,aat,aac,aat,aat,aac
P,cca,cca,cca,ccc,cca
Q,caa,caa,caa,cag,cag
R,cgt,cgt,cga,aga,cga
S,tct,tcc,tca,tcg,tcg
T,act,acc,aca,act,acc
V,gtt,gtc,gtt,gtg,gtg
W,tgg,tgg,tgg,tgg,tgg
Y,tat,tac,tat,tac,tac
