AA,Codon,Sr_optimal,Sr_all,Ss_all
A,GCA,16.76,31.4,33.2
A,GCC,17.72,9.7,9.1
A,GCG,0.11,1.6,2
A,GCT,65.41,57.4,55.7
C,TGT,75.51,85.3,84.4
C,TGC,24.49,14.7,15.6
D,GAC,23.6,12.7,13.5
D,GAT,76.4,87.3,86.5
E,GAA,85.42,84.6,80.4
E,GAG,14.58,15.4,19.6
F,TTC,52.18,17.7,17.8
F,TTT,47.82,82.3,82.2
G,GGA,63.44,51.2,50.1
G,GGC,2.16,3.1,4.3
G,GGG,0.75,3.9,5.9
G,GGT,33.65,41.8,39.8
H,CAC,41.74,16.2,15.7
H,CAT,58.26,83.8,84.3
I,ATA,10.11,30.3,30.2
I,ATC,25.79,9.2,9.1
I,ATT,64.1,60.6,60.7
K,AAA,73.01,82.4,80.4
K,AAG,26.99,17.6,19.6
L,CTA,1,5.5,6.2
L,CTC,8.53,3.5,3.4
L,CTG,0.43,1.5,1.7
L,CTT,58.75,30.5,30.9
L,TTA,17.5,46.6,45.8
L,TTG,13.8,12.3,12
M,ATG,100,100,100
N,AAC,33.62,13.7,13.3
N,AAT,66.38,86.3,86.7
P,CCA,87.74,66.5,66.2
P,CCC,1.42,3.2,3.7
P,CCG,0.39,2.1,2.4
P,CCT,10.45,28.2,27.7
Q,CAA,96.78,88.4,89.1
Q,CAG,3.22,11.6,10.9
R,AGA,39.56,52.2,50.6
R,CGA,1.81,6.3,6.8
R,AGG,1.81,6.9,9.8
R,CGC,5.26,3.5,3.3
R,CGG,0.18,1.3,1.7
R,CGT,51.36,29.8,27.8
S,AGC,4.28,2.6,3.1
S,TCA,30.34,37.6,36.6
S,TCC,7.59,4.1,5.2
S,AGT,11.86,21.7,23.8
S,TCG,1.79,2,2.2
S,TCT,44.14,31.9,29.2
T,ACA,34.85,50.9,51.5
T,ACC,17.5,7.5,7.6
T,ACG,1.03,3.2,3.9
T,ACT,46.62,38.3,36.9
V,GTA,18.51,26.5,26.5
V,GTC,15.58,8.5,10
V,GTG,0.8,3.8,5.1
V,GTT,65.11,61.2,58.4
W,TGG,100,100,100
Y,TAC,38.53,18,18.5
Y,TAT,61.47,82,81.5