AA,Codon.Sr,Codon.Ce,Codon.Pt,Codon.Bm,Codon.Pp,Codon.Nb
*,taa,taa,taa,taa,taa,tga
A,gct,gct,gct,gca,gcc,gct
C,tgt,tgc,tgt,tgt,tgc,tgc
D,gat,gat,gat,gat,gac,gat
E,gaa,gag,gaa,gaa,gag,gag
F,ttc,ttc,ttt,ttt,ttc,ttc
G,gga,gga,gga,ggt,gga,gga
H,cat,cac,cat,cat,cac,cac
I,att,atc,att,att,atc,atc
K,aaa,aag,aaa,aaa,aag,aag
L,ctt,ctc,tta,ttg,ctc,ctg
M,atg,atg,atg,atg,atg,atg
N,aat,aac,aat,aat,aac,aac
P,cca,cca,cca,cca,ccc,cca
Q,caa,caa,caa,caa,cag,cag
R,cgt,cgt,aga,cgt,aga,cga
S,tct,tcc,tca,tca,tcc,tcg
T,act,acc,aca,aca,acc,acc
V,gtt,gtc,gtt,gtt,gtc,gtg
W,tgg,tgg,tgg,tgg,tgg,tgg
Y,tat,tac,tat,tat,tac,tac
