AA,Codon,Count
Phe,TTT,315
Phe,TTC,2139
Leu,TTA,49
Leu,TTG,946
Leu,CTT,2052
Leu,CTC,2066
Leu,CTA,66
Leu,CTG,268
Ile,ATT,1179
Ile,ATC,2483
Ile,ATA,40
Met,ATG,1473
Val,GTT,1722
Val,GTC,2057
Val,GTA,215
Val,GTG,564
Ser,TCT,1104
Ser,TCC,1400
Ser,TCA,517
Ser,TCG,466
Pro,CCT,166
Pro,CCC,91
Pro,CCA,3994
Pro,CCG,192
Thr,ACT,1167
Thr,ACC,1990
Thr,ACA,410
Thr,ACG,158
Ala,GCT,2777
Ala,GCC,2631
Ala,GCA,537
Ala,GCG,171
Tyr,TAT,432
Tyr,TAC,1523
His,CAT,479
His,CAC,935
Gln,CAA,2363
Gln,CAG,1147
Asn,AAT,726
Asn,AAC,2237
Lys,AAA,781
Lys,AAG,4373
Asp,GAT,2046
Asp,GAC,1991
Glu,GAA,2110
Glu,GAG,3255
Cys,TGT,321
Cys,TGC,895
Trp,TGG,591
Arg,CGT,1665
Arg,CGC,935
Arg,CGA,168
Arg,CGG,39
Ser,AGT,148
Ser,AGC,409
Arg,AGA,906
Arg,AGG,43
Gly,GGT,797
Gly,GGC,351
Gly,GGA,5807
Gly,GGG,108